{"cameraMode":{"drawMode":0,"name":"Shaded","section":"Shading Mode"},"sceneLighting":true,"audioPlay":false,"sceneViewState":{"m_AlwaysRefresh":false,"showFog":true,"showSkybox":true,"showFlares":true,"showImageEffects":true,"showParticleSystems":true,"showVisualEffectGraphs":true,"m_FxEnabled":true},"in2DMode":false,"pivot":{"x":30.407459259033204,"y":-2.099947929382324,"z":13.914128303527832},"rotation":{"x":0.14102157950401307,"y":0.2675824761390686,"z":-0.03962230309844017,"w":0.9523475766181946},"size":20.751415252685548,"orthographic":false}